Username,Full name,Biography,Verified,Website,No. of followers,No. of Following,No. of Uploads,Post Url,Likes,Comments,Day,Time,Engagement rate,Profile Picture
hamami,,,"[False, False, False, False, False, False, False, False, False, False, False, False]",,73,3,22,https://www.instagram.com/p/b4yiTZnxIC/,9,0,Thursday - 18 Jul 2013,02 AM,4.10958904109589,https://instagram.fcai2-1.fna.fbcdn.net/v/t51.2885-19/11421954_1616539941964334_441288015_a.jpg?_nc_ht=instagram.fcai2-1.fna.fbcdn.net&_nc_cat=102&_nc_ohc=gwtb6lAfhecAX-nWw1s&edm=ABfd0MgBAAAA&ccb=7-5&oh=00_AT-V2rMHvOO9lnQrhm2i9aHiNu9Tnm4wM5FvWdxlGV9XAw&oe=6292013F&_nc_sid=7bff83
hamami,,,"[False, False, False, False, False, False, False, False, False, False, False, False]",,73,3,22,https://www.instagram.com/p/b1GAqxnxMs/,5,0,Tuesday - 16 Jul 2013,04 PM,4.10958904109589,https://instagram.fcai2-1.fna.fbcdn.net/v/t51.2885-19/11421954_1616539941964334_441288015_a.jpg?_nc_ht=instagram.fcai2-1.fna.fbcdn.net&_nc_cat=102&_nc_ohc=gwtb6lAfhecAX-nWw1s&edm=ABfd0MgBAAAA&ccb=7-5&oh=00_AT-V2rMHvOO9lnQrhm2i9aHiNu9Tnm4wM5FvWdxlGV9XAw&oe=6292013F&_nc_sid=7bff83
hamami,,,"[False, False, False, False, False, False, False, False, False, False, False, False]",,73,3,22,https://www.instagram.com/p/boPja5HxNW/,4,0,Thursday - 11 Jul 2013,04 PM,4.10958904109589,https://instagram.fcai2-1.fna.fbcdn.net/v/t51.2885-19/11421954_1616539941964334_441288015_a.jpg?_nc_ht=instagram.fcai2-1.fna.fbcdn.net&_nc_cat=102&_nc_ohc=gwtb6lAfhecAX-nWw1s&edm=ABfd0MgBAAAA&ccb=7-5&oh=00_AT-V2rMHvOO9lnQrhm2i9aHiNu9Tnm4wM5FvWdxlGV9XAw&oe=6292013F&_nc_sid=7bff83
hamami,,,"[False, False, False, False, False, False, False, False, False, False, False, False]",,73,3,22,https://www.instagram.com/p/bnwdS6nxBf/,1,0,Thursday - 11 Jul 2013,11 AM,4.10958904109589,https://instagram.fcai2-1.fna.fbcdn.net/v/t51.2885-19/11421954_1616539941964334_441288015_a.jpg?_nc_ht=instagram.fcai2-1.fna.fbcdn.net&_nc_cat=102&_nc_ohc=gwtb6lAfhecAX-nWw1s&edm=ABfd0MgBAAAA&ccb=7-5&oh=00_AT-V2rMHvOO9lnQrhm2i9aHiNu9Tnm4wM5FvWdxlGV9XAw&oe=6292013F&_nc_sid=7bff83
hamami,,,"[False, False, False, False, False, False, False, False, False, False, False, False]",,73,3,22,https://www.instagram.com/p/bnMeYwnxG_/,5,2,Thursday - 11 Jul 2013,06 AM,4.10958904109589,https://instagram.fcai2-1.fna.fbcdn.net/v/t51.2885-19/11421954_1616539941964334_441288015_a.jpg?_nc_ht=instagram.fcai2-1.fna.fbcdn.net&_nc_cat=102&_nc_ohc=gwtb6lAfhecAX-nWw1s&edm=ABfd0MgBAAAA&ccb=7-5&oh=00_AT-V2rMHvOO9lnQrhm2i9aHiNu9Tnm4wM5FvWdxlGV9XAw&oe=6292013F&_nc_sid=7bff83
hamami,,,"[False, False, False, False, False, False, False, False, False, False, False, False]",,73,3,22,https://www.instagram.com/p/bicZWCHxIL/,4,0,Tuesday - 09 Jul 2013,10 AM,4.10958904109589,https://instagram.fcai2-1.fna.fbcdn.net/v/t51.2885-19/11421954_1616539941964334_441288015_a.jpg?_nc_ht=instagram.fcai2-1.fna.fbcdn.net&_nc_cat=102&_nc_ohc=gwtb6lAfhecAX-nWw1s&edm=ABfd0MgBAAAA&ccb=7-5&oh=00_AT-V2rMHvOO9lnQrhm2i9aHiNu9Tnm4wM5FvWdxlGV9XAw&oe=6292013F&_nc_sid=7bff83
hamami,,,"[False, False, False, False, False, False, False, False, False, False, False, False]",,73,3,22,https://www.instagram.com/p/bVpH05nxAf/,4,2,Thursday - 04 Jul 2013,10 AM,4.10958904109589,https://instagram.fcai2-1.fna.fbcdn.net/v/t51.2885-19/11421954_1616539941964334_441288015_a.jpg?_nc_ht=instagram.fcai2-1.fna.fbcdn.net&_nc_cat=102&_nc_ohc=gwtb6lAfhecAX-nWw1s&edm=ABfd0MgBAAAA&ccb=7-5&oh=00_AT-V2rMHvOO9lnQrhm2i9aHiNu9Tnm4wM5FvWdxlGV9XAw&oe=6292013F&_nc_sid=7bff83
hamami,,,"[False, False, False, False, False, False, False, False, False, False, False, False]",,73,3,22,https://www.instagram.com/p/bT7b5bnxFV/,1,0,Wednesday - 03 Jul 2013,06 PM,4.10958904109589,https://instagram.fcai2-1.fna.fbcdn.net/v/t51.2885-19/11421954_1616539941964334_441288015_a.jpg?_nc_ht=instagram.fcai2-1.fna.fbcdn.net&_nc_cat=102&_nc_ohc=gwtb6lAfhecAX-nWw1s&edm=ABfd0MgBAAAA&ccb=7-5&oh=00_AT-V2rMHvOO9lnQrhm2i9aHiNu9Tnm4wM5FvWdxlGV9XAw&oe=6292013F&_nc_sid=7bff83
hamami,,,"[False, False, False, False, False, False, False, False, False, False, False, False]",,73,3,22,https://www.instagram.com/p/bG2mNhHxNS/,1,0,Friday - 28 Jun 2013,05 PM,4.10958904109589,https://instagram.fcai2-1.fna.fbcdn.net/v/t51.2885-19/11421954_1616539941964334_441288015_a.jpg?_nc_ht=instagram.fcai2-1.fna.fbcdn.net&_nc_cat=102&_nc_ohc=gwtb6lAfhecAX-nWw1s&edm=ABfd0MgBAAAA&ccb=7-5&oh=00_AT-V2rMHvOO9lnQrhm2i9aHiNu9Tnm4wM5FvWdxlGV9XAw&oe=6292013F&_nc_sid=7bff83
hamami,,,"[False, False, False, False, False, False, False, False, False, False, False, False]",,73,3,22,https://www.instagram.com/p/bEP2iSHxNd/,1,0,Thursday - 27 Jun 2013,04 PM,4.10958904109589,https://instagram.fcai2-1.fna.fbcdn.net/v/t51.2885-19/11421954_1616539941964334_441288015_a.jpg?_nc_ht=instagram.fcai2-1.fna.fbcdn.net&_nc_cat=102&_nc_ohc=gwtb6lAfhecAX-nWw1s&edm=ABfd0MgBAAAA&ccb=7-5&oh=00_AT-V2rMHvOO9lnQrhm2i9aHiNu9Tnm4wM5FvWdxlGV9XAw&oe=6292013F&_nc_sid=7bff83
hamami,,,"[False, False, False, False, False, False, False, False, False, False, False, False]",,73,3,22,https://www.instagram.com/p/bD3oI-HxCM/,2,2,Thursday - 27 Jun 2013,01 PM,4.10958904109589,https://instagram.fcai2-1.fna.fbcdn.net/v/t51.2885-19/11421954_1616539941964334_441288015_a.jpg?_nc_ht=instagram.fcai2-1.fna.fbcdn.net&_nc_cat=102&_nc_ohc=gwtb6lAfhecAX-nWw1s&edm=ABfd0MgBAAAA&ccb=7-5&oh=00_AT-V2rMHvOO9lnQrhm2i9aHiNu9Tnm4wM5FvWdxlGV9XAw&oe=6292013F&_nc_sid=7bff83
hamami,,,"[False, False, False, False, False, False, False, False, False, False, False, False]",,73,3,22,https://www.instagram.com/p/bDpy3unxI9/,1,2,Thursday - 27 Jun 2013,11 AM,4.10958904109589,https://instagram.fcai2-1.fna.fbcdn.net/v/t51.2885-19/11421954_1616539941964334_441288015_a.jpg?_nc_ht=instagram.fcai2-1.fna.fbcdn.net&_nc_cat=102&_nc_ohc=gwtb6lAfhecAX-nWw1s&edm=ABfd0MgBAAAA&ccb=7-5&oh=00_AT-V2rMHvOO9lnQrhm2i9aHiNu9Tnm4wM5FvWdxlGV9XAw&oe=6292013F&_nc_sid=7bff83
tamerhosny,Tamer Hosny,"Singer, Actor & Producer. 
First Arab Artist in history to get his hand & footprint in Chinese theater, Hollywood.
Guinness World Records awarded .","[True, True, True, True, True, True, True, True, True, True, True, True]",https://youtu.be/91XBdyAPEFw,22323601,101,1622,https://www.instagram.com/p/Cdlur8AIozG/,28814,1060,Sunday - 15 May 2022,08 PM,0.2149474002872565,https://instagram.fcai2-2.fna.fbcdn.net/v/t51.2885-19/277822256_316775523881895_4337468839754784094_n.jpg?stp=dst-jpg_s320x320&_nc_ht=instagram.fcai2-2.fna.fbcdn.net&_nc_cat=1&_nc_ohc=1vJX6QdIkOYAX-yaM3g&edm=ABfd0MgBAAAA&ccb=7-5&oh=00_AT-4gIM0wx4bAuxPDOJljyiSRUHXHOixGGuLOIL_Jvyi_Q&oe=629144C8&_nc_sid=7bff83
tamerhosny,Tamer Hosny,"Singer, Actor & Producer. 
First Arab Artist in history to get his hand & footprint in Chinese theater, Hollywood.
Guinness World Records awarded .","[True, True, True, True, True, True, True, True, True, True, True, True]",https://youtu.be/91XBdyAPEFw,22323601,101,1622,https://www.instagram.com/p/CdhDFm6odgZ/,27131,802,Saturday - 14 May 2022,01 AM,0.2149474002872565,https://instagram.fcai2-2.fna.fbcdn.net/v/t51.2885-19/277822256_316775523881895_4337468839754784094_n.jpg?stp=dst-jpg_s320x320&_nc_ht=instagram.fcai2-2.fna.fbcdn.net&_nc_cat=1&_nc_ohc=1vJX6QdIkOYAX-yaM3g&edm=ABfd0MgBAAAA&ccb=7-5&oh=00_AT-4gIM0wx4bAuxPDOJljyiSRUHXHOixGGuLOIL_Jvyi_Q&oe=629144C8&_nc_sid=7bff83
tamerhosny,Tamer Hosny,"Singer, Actor & Producer. 
First Arab Artist in history to get his hand & footprint in Chinese theater, Hollywood.
Guinness World Records awarded .","[True, True, True, True, True, True, True, True, True, True, True, True]",https://youtu.be/91XBdyAPEFw,22323601,101,1622,https://www.instagram.com/p/CdTuwb1g6ya/,51914,1606,Sunday - 08 May 2022,09 PM,0.2149474002872565,https://instagram.fcai2-2.fna.fbcdn.net/v/t51.2885-19/277822256_316775523881895_4337468839754784094_n.jpg?stp=dst-jpg_s320x320&_nc_ht=instagram.fcai2-2.fna.fbcdn.net&_nc_cat=1&_nc_ohc=1vJX6QdIkOYAX-yaM3g&edm=ABfd0MgBAAAA&ccb=7-5&oh=00_AT-4gIM0wx4bAuxPDOJljyiSRUHXHOixGGuLOIL_Jvyi_Q&oe=629144C8&_nc_sid=7bff83
tamerhosny,Tamer Hosny,"Singer, Actor & Producer. 
First Arab Artist in history to get his hand & footprint in Chinese theater, Hollywood.
Guinness World Records awarded .","[True, True, True, True, True, True, True, True, True, True, True, True]",https://youtu.be/91XBdyAPEFw,22323601,101,1622,https://www.instagram.com/p/CdQGwK4sXZt/,68337,1418,Saturday - 07 May 2022,11 AM,0.2149474002872565,https://instagram.fcai2-2.fna.fbcdn.net/v/t51.2885-19/277822256_316775523881895_4337468839754784094_n.jpg?stp=dst-jpg_s320x320&_nc_ht=instagram.fcai2-2.fna.fbcdn.net&_nc_cat=1&_nc_ohc=1vJX6QdIkOYAX-yaM3g&edm=ABfd0MgBAAAA&ccb=7-5&oh=00_AT-4gIM0wx4bAuxPDOJljyiSRUHXHOixGGuLOIL_Jvyi_Q&oe=629144C8&_nc_sid=7bff83
tamerhosny,Tamer Hosny,"Singer, Actor & Producer. 
First Arab Artist in history to get his hand & footprint in Chinese theater, Hollywood.
Guinness World Records awarded .","[True, True, True, True, True, True, True, True, True, True, True, True]",https://youtu.be/91XBdyAPEFw,22323601,101,1622,https://www.instagram.com/p/CdOF0avA6yZ/,160075,2782,Friday - 06 May 2022,04 PM,0.2149474002872565,https://instagram.fcai2-2.fna.fbcdn.net/v/t51.2885-19/277822256_316775523881895_4337468839754784094_n.jpg?stp=dst-jpg_s320x320&_nc_ht=instagram.fcai2-2.fna.fbcdn.net&_nc_cat=1&_nc_ohc=1vJX6QdIkOYAX-yaM3g&edm=ABfd0MgBAAAA&ccb=7-5&oh=00_AT-4gIM0wx4bAuxPDOJljyiSRUHXHOixGGuLOIL_Jvyi_Q&oe=629144C8&_nc_sid=7bff83
tamerhosny,Tamer Hosny,"Singer, Actor & Producer. 
First Arab Artist in history to get his hand & footprint in Chinese theater, Hollywood.
Guinness World Records awarded .","[True, True, True, True, True, True, True, True, True, True, True, True]",https://youtu.be/91XBdyAPEFw,22323601,101,1622,https://www.instagram.com/p/CdLjs4ygtKz/,122897,4705,Thursday - 05 May 2022,05 PM,0.2149474002872565,https://instagram.fcai2-2.fna.fbcdn.net/v/t51.2885-19/277822256_316775523881895_4337468839754784094_n.jpg?stp=dst-jpg_s320x320&_nc_ht=instagram.fcai2-2.fna.fbcdn.net&_nc_cat=1&_nc_ohc=1vJX6QdIkOYAX-yaM3g&edm=ABfd0MgBAAAA&ccb=7-5&oh=00_AT-4gIM0wx4bAuxPDOJljyiSRUHXHOixGGuLOIL_Jvyi_Q&oe=629144C8&_nc_sid=7bff83
tamerhosny,Tamer Hosny,"Singer, Actor & Producer. 
First Arab Artist in history to get his hand & footprint in Chinese theater, Hollywood.
Guinness World Records awarded .","[True, True, True, True, True, True, True, True, True, True, True, True]",https://youtu.be/91XBdyAPEFw,22323601,101,1622,https://www.instagram.com/p/CdDlYNOsKyM/,117420,2599,Monday - 02 May 2022,02 PM,0.2149474002872565,https://instagram.fcai2-2.fna.fbcdn.net/v/t51.2885-19/277822256_316775523881895_4337468839754784094_n.jpg?stp=dst-jpg_s320x320&_nc_ht=instagram.fcai2-2.fna.fbcdn.net&_nc_cat=1&_nc_ohc=1vJX6QdIkOYAX-yaM3g&edm=ABfd0MgBAAAA&ccb=7-5&oh=00_AT-4gIM0wx4bAuxPDOJljyiSRUHXHOixGGuLOIL_Jvyi_Q&oe=629144C8&_nc_sid=7bff83
tamerhosny,Tamer Hosny,"Singer, Actor & Producer. 
First Arab Artist in history to get his hand & footprint in Chinese theater, Hollywood.
Guinness World Records awarded .","[True, True, True, True, True, True, True, True, True, True, True, True]",https://youtu.be/91XBdyAPEFw,22323601,101,1622,https://www.instagram.com/p/Cc8J8B0Aaaf/,95221,2922,Friday - 29 Apr 2022,05 PM,0.2149474002872565,https://instagram.fcai2-2.fna.fbcdn.net/v/t51.2885-19/277822256_316775523881895_4337468839754784094_n.jpg?stp=dst-jpg_s320x320&_nc_ht=instagram.fcai2-2.fna.fbcdn.net&_nc_cat=1&_nc_ohc=1vJX6QdIkOYAX-yaM3g&edm=ABfd0MgBAAAA&ccb=7-5&oh=00_AT-4gIM0wx4bAuxPDOJljyiSRUHXHOixGGuLOIL_Jvyi_Q&oe=629144C8&_nc_sid=7bff83
tamerhosny,Tamer Hosny,"Singer, Actor & Producer. 
First Arab Artist in history to get his hand & footprint in Chinese theater, Hollywood.
Guinness World Records awarded .","[True, True, True, True, True, True, True, True, True, True, True, True]",https://youtu.be/91XBdyAPEFw,22323601,101,1622,https://www.instagram.com/p/Cc6VEWAsZKA/,306571,4999,Friday - 29 Apr 2022,12 AM,0.2149474002872565,https://instagram.fcai2-2.fna.fbcdn.net/v/t51.2885-19/277822256_316775523881895_4337468839754784094_n.jpg?stp=dst-jpg_s320x320&_nc_ht=instagram.fcai2-2.fna.fbcdn.net&_nc_cat=1&_nc_ohc=1vJX6QdIkOYAX-yaM3g&edm=ABfd0MgBAAAA&ccb=7-5&oh=00_AT-4gIM0wx4bAuxPDOJljyiSRUHXHOixGGuLOIL_Jvyi_Q&oe=629144C8&_nc_sid=7bff83
tamerhosny,Tamer Hosny,"Singer, Actor & Producer. 
First Arab Artist in history to get his hand & footprint in Chinese theater, Hollywood.
Guinness World Records awarded .","[True, True, True, True, True, True, True, True, True, True, True, True]",https://youtu.be/91XBdyAPEFw,22323601,101,1622,https://www.instagram.com/p/Cc58lVXrlTd/,47829,1106,Thursday - 28 Apr 2022,08 PM,0.2149474002872565,https://instagram.fcai2-2.fna.fbcdn.net/v/t51.2885-19/277822256_316775523881895_4337468839754784094_n.jpg?stp=dst-jpg_s320x320&_nc_ht=instagram.fcai2-2.fna.fbcdn.net&_nc_cat=1&_nc_ohc=1vJX6QdIkOYAX-yaM3g&edm=ABfd0MgBAAAA&ccb=7-5&oh=00_AT-4gIM0wx4bAuxPDOJljyiSRUHXHOixGGuLOIL_Jvyi_Q&oe=629144C8&_nc_sid=7bff83
tamerhosny,Tamer Hosny,"Singer, Actor & Producer. 
First Arab Artist in history to get his hand & footprint in Chinese theater, Hollywood.
Guinness World Records awarded .","[True, True, True, True, True, True, True, True, True, True, True, True]",https://youtu.be/91XBdyAPEFw,22323601,101,1622,https://www.instagram.com/p/CcVZuxpApd7/,53482,2067,Thursday - 14 Apr 2022,04 PM,0.2149474002872565,https://instagram.fcai2-2.fna.fbcdn.net/v/t51.2885-19/277822256_316775523881895_4337468839754784094_n.jpg?stp=dst-jpg_s320x320&_nc_ht=instagram.fcai2-2.fna.fbcdn.net&_nc_cat=1&_nc_ohc=1vJX6QdIkOYAX-yaM3g&edm=ABfd0MgBAAAA&ccb=7-5&oh=00_AT-4gIM0wx4bAuxPDOJljyiSRUHXHOixGGuLOIL_Jvyi_Q&oe=629144C8&_nc_sid=7bff83
tamerhosny,Tamer Hosny,"Singer, Actor & Producer. 
First Arab Artist in history to get his hand & footprint in Chinese theater, Hollywood.
Guinness World Records awarded .","[True, True, True, True, True, True, True, True, True, True, True, True]",https://youtu.be/91XBdyAPEFw,22323601,101,1622,https://www.instagram.com/p/CcI1d8wIArU/,46895,1089,Saturday - 09 Apr 2022,07 PM,0.2149474002872565,https://instagram.fcai2-2.fna.fbcdn.net/v/t51.2885-19/277822256_316775523881895_4337468839754784094_n.jpg?stp=dst-jpg_s320x320&_nc_ht=instagram.fcai2-2.fna.fbcdn.net&_nc_cat=1&_nc_ohc=1vJX6QdIkOYAX-yaM3g&edm=ABfd0MgBAAAA&ccb=7-5&oh=00_AT-4gIM0wx4bAuxPDOJljyiSRUHXHOixGGuLOIL_Jvyi_Q&oe=629144C8&_nc_sid=7bff83
sherine,Sherine Abdel-Wahab,"An Egyptian award winning, singer, actress, and a mother of two beautiful daughters.","[True, True, True, True, True, True, True, True, True, True, True, True]",https://youtu.be/J3sge46Mgk4,10871311,52,629,https://www.instagram.com/p/CdJ8MVErSE1/,33617,753,Thursday - 05 May 2022,01 AM,0.7454574705847344,https://instagram.fcai2-2.fna.fbcdn.net/v/t51.2885-19/279477003_163506749385452_9191027729807016443_n.jpg?stp=dst-jpg_s320x320&_nc_ht=instagram.fcai2-2.fna.fbcdn.net&_nc_cat=1&_nc_ohc=QGH0Ij91eyIAX9hZyPa&edm=ABfd0MgBAAAA&ccb=7-5&oh=00_AT8Dut8aO_WjC6v57lvsfay96yGEw5ShdNdOaYhFca1U2A&oe=6292EBB1&_nc_sid=7bff83
sherine,Sherine Abdel-Wahab,"An Egyptian award winning, singer, actress, and a mother of two beautiful daughters.","[True, True, True, True, True, True, True, True, True, True, True, True]",https://youtu.be/J3sge46Mgk4,10871311,52,629,https://www.instagram.com/p/CdJ32tkIP1w/,76390,1114,Thursday - 05 May 2022,01 AM,0.7454574705847344,https://instagram.fcai2-2.fna.fbcdn.net/v/t51.2885-19/279477003_163506749385452_9191027729807016443_n.jpg?stp=dst-jpg_s320x320&_nc_ht=instagram.fcai2-2.fna.fbcdn.net&_nc_cat=1&_nc_ohc=QGH0Ij91eyIAX9hZyPa&edm=ABfd0MgBAAAA&ccb=7-5&oh=00_AT8Dut8aO_WjC6v57lvsfay96yGEw5ShdNdOaYhFca1U2A&oe=6292EBB1&_nc_sid=7bff83
sherine,Sherine Abdel-Wahab,"An Egyptian award winning, singer, actress, and a mother of two beautiful daughters.","[True, True, True, True, True, True, True, True, True, True, True, True]",https://youtu.be/J3sge46Mgk4,10871311,52,629,https://www.instagram.com/p/CdJpc_DoYLC/,552987,6625,Wednesday - 04 May 2022,11 PM,0.7454574705847344,https://instagram.fcai2-2.fna.fbcdn.net/v/t51.2885-19/279477003_163506749385452_9191027729807016443_n.jpg?stp=dst-jpg_s320x320&_nc_ht=instagram.fcai2-2.fna.fbcdn.net&_nc_cat=1&_nc_ohc=QGH0Ij91eyIAX9hZyPa&edm=ABfd0MgBAAAA&ccb=7-5&oh=00_AT8Dut8aO_WjC6v57lvsfay96yGEw5ShdNdOaYhFca1U2A&oe=6292EBB1&_nc_sid=7bff83
sherine,Sherine Abdel-Wahab,"An Egyptian award winning, singer, actress, and a mother of two beautiful daughters.","[True, True, True, True, True, True, True, True, True, True, True, True]",https://youtu.be/J3sge46Mgk4,10871311,52,629,https://www.instagram.com/p/CdCD_WMI_zF/,53581,980,Monday - 02 May 2022,12 AM,0.7454574705847344,https://instagram.fcai2-2.fna.fbcdn.net/v/t51.2885-19/279477003_163506749385452_9191027729807016443_n.jpg?stp=dst-jpg_s320x320&_nc_ht=instagram.fcai2-2.fna.fbcdn.net&_nc_cat=1&_nc_ohc=QGH0Ij91eyIAX9hZyPa&edm=ABfd0MgBAAAA&ccb=7-5&oh=00_AT8Dut8aO_WjC6v57lvsfay96yGEw5ShdNdOaYhFca1U2A&oe=6292EBB1&_nc_sid=7bff83
sherine,Sherine Abdel-Wahab,"An Egyptian award winning, singer, actress, and a mother of two beautiful daughters.","[True, True, True, True, True, True, True, True, True, True, True, True]",https://youtu.be/J3sge46Mgk4,10871311,52,629,https://www.instagram.com/p/Cc3PvGpIr05/,14571,492,Wednesday - 27 Apr 2022,07 PM,0.7454574705847344,https://instagram.fcai2-2.fna.fbcdn.net/v/t51.2885-19/279477003_163506749385452_9191027729807016443_n.jpg?stp=dst-jpg_s320x320&_nc_ht=instagram.fcai2-2.fna.fbcdn.net&_nc_cat=1&_nc_ohc=QGH0Ij91eyIAX9hZyPa&edm=ABfd0MgBAAAA&ccb=7-5&oh=00_AT8Dut8aO_WjC6v57lvsfay96yGEw5ShdNdOaYhFca1U2A&oe=6292EBB1&_nc_sid=7bff83
sherine,Sherine Abdel-Wahab,"An Egyptian award winning, singer, actress, and a mother of two beautiful daughters.","[True, True, True, True, True, True, True, True, True, True, True, True]",https://youtu.be/J3sge46Mgk4,10871311,52,629,https://www.instagram.com/p/Cb7z5TWoWsZ/,289802,3430,Monday - 04 Apr 2022,05 PM,0.7454574705847344,https://instagram.fcai2-2.fna.fbcdn.net/v/t51.2885-19/279477003_163506749385452_9191027729807016443_n.jpg?stp=dst-jpg_s320x320&_nc_ht=instagram.fcai2-2.fna.fbcdn.net&_nc_cat=1&_nc_ohc=QGH0Ij91eyIAX9hZyPa&edm=ABfd0MgBAAAA&ccb=7-5&oh=00_AT8Dut8aO_WjC6v57lvsfay96yGEw5ShdNdOaYhFca1U2A&oe=6292EBB1&_nc_sid=7bff83
sherine,Sherine Abdel-Wahab,"An Egyptian award winning, singer, actress, and a mother of two beautiful daughters.","[True, True, True, True, True, True, True, True, True, True, True, True]",https://youtu.be/J3sge46Mgk4,10871311,52,629,https://www.instagram.com/p/CbzrmvaoLSX/,42040,1189,Friday - 01 Apr 2022,02 PM,0.7454574705847344,https://instagram.fcai2-2.fna.fbcdn.net/v/t51.2885-19/279477003_163506749385452_9191027729807016443_n.jpg?stp=dst-jpg_s320x320&_nc_ht=instagram.fcai2-2.fna.fbcdn.net&_nc_cat=1&_nc_ohc=QGH0Ij91eyIAX9hZyPa&edm=ABfd0MgBAAAA&ccb=7-5&oh=00_AT8Dut8aO_WjC6v57lvsfay96yGEw5ShdNdOaYhFca1U2A&oe=6292EBB1&_nc_sid=7bff83
sherine,Sherine Abdel-Wahab,"An Egyptian award winning, singer, actress, and a mother of two beautiful daughters.","[True, True, True, True, True, True, True, True, True, True, True, True]",https://youtu.be/J3sge46Mgk4,10871311,52,629,https://www.instagram.com/p/CbnCxAvIoVG/,52344,1016,Sunday - 27 Mar 2022,04 PM,0.7454574705847344,https://instagram.fcai2-2.fna.fbcdn.net/v/t51.2885-19/279477003_163506749385452_9191027729807016443_n.jpg?stp=dst-jpg_s320x320&_nc_ht=instagram.fcai2-2.fna.fbcdn.net&_nc_cat=1&_nc_ohc=QGH0Ij91eyIAX9hZyPa&edm=ABfd0MgBAAAA&ccb=7-5&oh=00_AT8Dut8aO_WjC6v57lvsfay96yGEw5ShdNdOaYhFca1U2A&oe=6292EBB1&_nc_sid=7bff83
sherine,Sherine Abdel-Wahab,"An Egyptian award winning, singer, actress, and a mother of two beautiful daughters.","[True, True, True, True, True, True, True, True, True, True, True, True]",https://youtu.be/J3sge46Mgk4,10871311,52,629,https://www.instagram.com/p/CbaQWYgoZB8/,122148,1976,Tuesday - 22 Mar 2022,04 PM,0.7454574705847344,https://instagram.fcai2-2.fna.fbcdn.net/v/t51.2885-19/279477003_163506749385452_9191027729807016443_n.jpg?stp=dst-jpg_s320x320&_nc_ht=instagram.fcai2-2.fna.fbcdn.net&_nc_cat=1&_nc_ohc=QGH0Ij91eyIAX9hZyPa&edm=ABfd0MgBAAAA&ccb=7-5&oh=00_AT8Dut8aO_WjC6v57lvsfay96yGEw5ShdNdOaYhFca1U2A&oe=6292EBB1&_nc_sid=7bff83
sherine,Sherine Abdel-Wahab,"An Egyptian award winning, singer, actress, and a mother of two beautiful daughters.","[True, True, True, True, True, True, True, True, True, True, True, True]",https://youtu.be/J3sge46Mgk4,10871311,52,629,https://www.instagram.com/p/CbXWplWIKWJ/,133490,1262,Monday - 21 Mar 2022,01 PM,0.7454574705847344,https://instagram.fcai2-2.fna.fbcdn.net/v/t51.2885-19/279477003_163506749385452_9191027729807016443_n.jpg?stp=dst-jpg_s320x320&_nc_ht=instagram.fcai2-2.fna.fbcdn.net&_nc_cat=1&_nc_ohc=QGH0Ij91eyIAX9hZyPa&edm=ABfd0MgBAAAA&ccb=7-5&oh=00_AT8Dut8aO_WjC6v57lvsfay96yGEw5ShdNdOaYhFca1U2A&oe=6292EBB1&_nc_sid=7bff83
sherine,Sherine Abdel-Wahab,"An Egyptian award winning, singer, actress, and a mother of two beautiful daughters.","[True, True, True, True, True, True, True, True, True, True, True, True]",https://youtu.be/J3sge46Mgk4,10871311,52,629,https://www.instagram.com/p/CbP8ouCI9O7/,131020,1841,Friday - 18 Mar 2022,04 PM,0.7454574705847344,https://instagram.fcai2-2.fna.fbcdn.net/v/t51.2885-19/279477003_163506749385452_9191027729807016443_n.jpg?stp=dst-jpg_s320x320&_nc_ht=instagram.fcai2-2.fna.fbcdn.net&_nc_cat=1&_nc_ohc=QGH0Ij91eyIAX9hZyPa&edm=ABfd0MgBAAAA&ccb=7-5&oh=00_AT8Dut8aO_WjC6v57lvsfay96yGEw5ShdNdOaYhFca1U2A&oe=6292EBB1&_nc_sid=7bff83
sherine,Sherine Abdel-Wahab,"An Egyptian award winning, singer, actress, and a mother of two beautiful daughters.","[True, True, True, True, True, True, True, True, True, True, True, True]",https://youtu.be/J3sge46Mgk4,10871311,52,629,https://www.instagram.com/p/CbAkuQUI6AU/,79515,1526,Saturday - 12 Mar 2022,05 PM,0.7454574705847344,https://instagram.fcai2-2.fna.fbcdn.net/v/t51.2885-19/279477003_163506749385452_9191027729807016443_n.jpg?stp=dst-jpg_s320x320&_nc_ht=instagram.fcai2-2.fna.fbcdn.net&_nc_cat=1&_nc_ohc=QGH0Ij91eyIAX9hZyPa&edm=ABfd0MgBAAAA&ccb=7-5&oh=00_AT8Dut8aO_WjC6v57lvsfay96yGEw5ShdNdOaYhFca1U2A&oe=6292EBB1&_nc_sid=7bff83
yasminabdelaziz_,Yasmin Abdelaziz,Egyptian Actress,"[True, True, True, True, True, True, True, True, True, True, True, True]",https://m.facebook.com/yasminabdElazizfans/,15790157,37,825,https://www.instagram.com/p/CdioUb7Isxo/,87905,2872,Saturday - 14 May 2022,04 PM,0.6087146568587001,https://instagram.fcai2-2.fna.fbcdn.net/v/t51.2885-19/261091764_252211196822780_2392424483905034130_n.jpg?stp=dst-jpg_s320x320&_nc_ht=instagram.fcai2-2.fna.fbcdn.net&_nc_cat=1&_nc_ohc=90ZObvtAKE4AX9FNesw&edm=ABfd0MgBAAAA&ccb=7-5&oh=00_AT-i_0-Kac9sC--9pvxui7pQkaFifuHS5ZxW8-ZwVFfaUA&oe=629196A3&_nc_sid=7bff83
yasminabdelaziz_,Yasmin Abdelaziz,Egyptian Actress,"[True, True, True, True, True, True, True, True, True, True, True, True]",https://m.facebook.com/yasminabdElazizfans/,15790157,37,825,https://www.instagram.com/p/Cdf_Q6PoNQR/,69857,1255,Friday - 13 May 2022,03 PM,0.6087146568587001,https://instagram.fcai2-2.fna.fbcdn.net/v/t51.2885-19/261091764_252211196822780_2392424483905034130_n.jpg?stp=dst-jpg_s320x320&_nc_ht=instagram.fcai2-2.fna.fbcdn.net&_nc_cat=1&_nc_ohc=90ZObvtAKE4AX9FNesw&edm=ABfd0MgBAAAA&ccb=7-5&oh=00_AT-i_0-Kac9sC--9pvxui7pQkaFifuHS5ZxW8-ZwVFfaUA&oe=629196A3&_nc_sid=7bff83
yasminabdelaziz_,Yasmin Abdelaziz,Egyptian Actress,"[True, True, True, True, True, True, True, True, True, True, True, True]",https://m.facebook.com/yasminabdElazizfans/,15790157,37,825,https://www.instagram.com/p/Cdbd5kbgLRh/,374532,10024,Wednesday - 11 May 2022,09 PM,0.6087146568587001,https://instagram.fcai2-2.fna.fbcdn.net/v/t51.2885-19/261091764_252211196822780_2392424483905034130_n.jpg?stp=dst-jpg_s320x320&_nc_ht=instagram.fcai2-2.fna.fbcdn.net&_nc_cat=1&_nc_ohc=90ZObvtAKE4AX9FNesw&edm=ABfd0MgBAAAA&ccb=7-5&oh=00_AT-i_0-Kac9sC--9pvxui7pQkaFifuHS5ZxW8-ZwVFfaUA&oe=629196A3&_nc_sid=7bff83
yasminabdelaziz_,Yasmin Abdelaziz,Egyptian Actress,"[True, True, True, True, True, True, True, True, True, True, True, True]",https://m.facebook.com/yasminabdElazizfans/,15790157,37,825,https://www.instagram.com/p/CdTkLlRALo7/,90775,1752,Sunday - 08 May 2022,07 PM,0.6087146568587001,https://instagram.fcai2-2.fna.fbcdn.net/v/t51.2885-19/261091764_252211196822780_2392424483905034130_n.jpg?stp=dst-jpg_s320x320&_nc_ht=instagram.fcai2-2.fna.fbcdn.net&_nc_cat=1&_nc_ohc=90ZObvtAKE4AX9FNesw&edm=ABfd0MgBAAAA&ccb=7-5&oh=00_AT-i_0-Kac9sC--9pvxui7pQkaFifuHS5ZxW8-ZwVFfaUA&oe=629196A3&_nc_sid=7bff83
yasminabdelaziz_,Yasmin Abdelaziz,Egyptian Actress,"[True, True, True, True, True, True, True, True, True, True, True, True]",https://m.facebook.com/yasminabdElazizfans/,15790157,37,825,https://www.instagram.com/p/CdOmUU1A4r3/,176502,1546,Friday - 06 May 2022,09 PM,0.6087146568587001,https://instagram.fcai2-2.fna.fbcdn.net/v/t51.2885-19/261091764_252211196822780_2392424483905034130_n.jpg?stp=dst-jpg_s320x320&_nc_ht=instagram.fcai2-2.fna.fbcdn.net&_nc_cat=1&_nc_ohc=90ZObvtAKE4AX9FNesw&edm=ABfd0MgBAAAA&ccb=7-5&oh=00_AT-i_0-Kac9sC--9pvxui7pQkaFifuHS5ZxW8-ZwVFfaUA&oe=629196A3&_nc_sid=7bff83
yasminabdelaziz_,Yasmin Abdelaziz,Egyptian Actress,"[True, True, True, True, True, True, True, True, True, True, True, True]",https://m.facebook.com/yasminabdElazizfans/,15790157,37,825,https://www.instagram.com/p/CdOmGvKA1Z9/,84090,1040,Friday - 06 May 2022,09 PM,0.6087146568587001,https://instagram.fcai2-2.fna.fbcdn.net/v/t51.2885-19/261091764_252211196822780_2392424483905034130_n.jpg?stp=dst-jpg_s320x320&_nc_ht=instagram.fcai2-2.fna.fbcdn.net&_nc_cat=1&_nc_ohc=90ZObvtAKE4AX9FNesw&edm=ABfd0MgBAAAA&ccb=7-5&oh=00_AT-i_0-Kac9sC--9pvxui7pQkaFifuHS5ZxW8-ZwVFfaUA&oe=629196A3&_nc_sid=7bff83
yasminabdelaziz_,Yasmin Abdelaziz,Egyptian Actress,"[True, True, True, True, True, True, True, True, True, True, True, True]",https://m.facebook.com/yasminabdElazizfans/,15790157,37,825,https://www.instagram.com/p/CdOmBj_Ar5m/,80122,1501,Friday - 06 May 2022,09 PM,0.6087146568587001,https://instagram.fcai2-2.fna.fbcdn.net/v/t51.2885-19/261091764_252211196822780_2392424483905034130_n.jpg?stp=dst-jpg_s320x320&_nc_ht=instagram.fcai2-2.fna.fbcdn.net&_nc_cat=1&_nc_ohc=90ZObvtAKE4AX9FNesw&edm=ABfd0MgBAAAA&ccb=7-5&oh=00_AT-i_0-Kac9sC--9pvxui7pQkaFifuHS5ZxW8-ZwVFfaUA&oe=629196A3&_nc_sid=7bff83
yasminabdelaziz_,Yasmin Abdelaziz,Egyptian Actress,"[True, True, True, True, True, True, True, True, True, True, True, True]",https://m.facebook.com/yasminabdElazizfans/,15790157,37,825,https://www.instagram.com/p/CdL19Xlgza2/,136877,1390,Thursday - 05 May 2022,07 PM,0.6087146568587001,https://instagram.fcai2-2.fna.fbcdn.net/v/t51.2885-19/261091764_252211196822780_2392424483905034130_n.jpg?stp=dst-jpg_s320x320&_nc_ht=instagram.fcai2-2.fna.fbcdn.net&_nc_cat=1&_nc_ohc=90ZObvtAKE4AX9FNesw&edm=ABfd0MgBAAAA&ccb=7-5&oh=00_AT-i_0-Kac9sC--9pvxui7pQkaFifuHS5ZxW8-ZwVFfaUA&oe=629196A3&_nc_sid=7bff83
yasminabdelaziz_,Yasmin Abdelaziz,Egyptian Actress,"[True, True, True, True, True, True, True, True, True, True, True, True]",https://m.facebook.com/yasminabdElazizfans/,15790157,37,825,https://www.instagram.com/p/CdLy6qNoRxz/,259987,2059,Thursday - 05 May 2022,07 PM,0.6087146568587001,https://instagram.fcai2-2.fna.fbcdn.net/v/t51.2885-19/261091764_252211196822780_2392424483905034130_n.jpg?stp=dst-jpg_s320x320&_nc_ht=instagram.fcai2-2.fna.fbcdn.net&_nc_cat=1&_nc_ohc=90ZObvtAKE4AX9FNesw&edm=ABfd0MgBAAAA&ccb=7-5&oh=00_AT-i_0-Kac9sC--9pvxui7pQkaFifuHS5ZxW8-ZwVFfaUA&oe=629196A3&_nc_sid=7bff83
yasminabdelaziz_,Yasmin Abdelaziz,Egyptian Actress,"[True, True, True, True, True, True, True, True, True, True, True, True]",https://m.facebook.com/yasminabdElazizfans/,15790157,37,825,https://www.instagram.com/p/CdLkcMlIZWx/,105658,1370,Thursday - 05 May 2022,05 PM,0.6087146568587001,https://instagram.fcai2-2.fna.fbcdn.net/v/t51.2885-19/261091764_252211196822780_2392424483905034130_n.jpg?stp=dst-jpg_s320x320&_nc_ht=instagram.fcai2-2.fna.fbcdn.net&_nc_cat=1&_nc_ohc=90ZObvtAKE4AX9FNesw&edm=ABfd0MgBAAAA&ccb=7-5&oh=00_AT-i_0-Kac9sC--9pvxui7pQkaFifuHS5ZxW8-ZwVFfaUA&oe=629196A3&_nc_sid=7bff83
yasminabdelaziz_,Yasmin Abdelaziz,Egyptian Actress,"[True, True, True, True, True, True, True, True, True, True, True, True]",https://m.facebook.com/yasminabdElazizfans/,15790157,37,825,https://www.instagram.com/p/CdLkD-HItaA/,56632,1018,Thursday - 05 May 2022,05 PM,0.6087146568587001,https://instagram.fcai2-2.fna.fbcdn.net/v/t51.2885-19/261091764_252211196822780_2392424483905034130_n.jpg?stp=dst-jpg_s320x320&_nc_ht=instagram.fcai2-2.fna.fbcdn.net&_nc_cat=1&_nc_ohc=90ZObvtAKE4AX9FNesw&edm=ABfd0MgBAAAA&ccb=7-5&oh=00_AT-i_0-Kac9sC--9pvxui7pQkaFifuHS5ZxW8-ZwVFfaUA&oe=629196A3&_nc_sid=7bff83
yasminabdelaziz_,Yasmin Abdelaziz,Egyptian Actress,"[True, True, True, True, True, True, True, True, True, True, True, True]",https://m.facebook.com/yasminabdElazizfans/,15790157,37,825,https://www.instagram.com/p/CdLgGLeoeRx/,94987,1130,Thursday - 05 May 2022,04 PM,0.6087146568587001,https://instagram.fcai2-2.fna.fbcdn.net/v/t51.2885-19/261091764_252211196822780_2392424483905034130_n.jpg?stp=dst-jpg_s320x320&_nc_ht=instagram.fcai2-2.fna.fbcdn.net&_nc_cat=1&_nc_ohc=90ZObvtAKE4AX9FNesw&edm=ABfd0MgBAAAA&ccb=7-5&oh=00_AT-i_0-Kac9sC--9pvxui7pQkaFifuHS5ZxW8-ZwVFfaUA&oe=629196A3&_nc_sid=7bff83
yasmine_sabri,Yasmine Sabri,I Dream,"[True, True, True, True, True, True, True, True, True, True, True, True]",http://www.yasminesabri.net/,19002408,92,1363,https://www.instagram.com/p/Cd3igeqqpXg/,393904,5114,Sunday - 22 May 2022,06 PM,2.8952014923582317,https://instagram.fcai2-2.fna.fbcdn.net/v/t51.2885-19/193962044_525385478492930_8095137717561390252_n.jpg?stp=dst-jpg_s320x320&_nc_ht=instagram.fcai2-2.fna.fbcdn.net&_nc_cat=1&_nc_ohc=DvjOkkrXJKAAX_GdPng&edm=ABfd0MgBAAAA&ccb=7-5&oh=00_AT9RSXd1nn_gxSZ0GEVX0VOB-bXV5IYdSrK-XSLw9bJ3mA&oe=6292D896&_nc_sid=7bff83
yasmine_sabri,Yasmine Sabri,I Dream,"[True, True, True, True, True, True, True, True, True, True, True, True]",http://www.yasminesabri.net/,19002408,92,1363,https://www.instagram.com/p/CdtaHnVKWfV/,356002,4655,Wednesday - 18 May 2022,08 PM,2.8952014923582317,https://instagram.fcai2-2.fna.fbcdn.net/v/t51.2885-19/193962044_525385478492930_8095137717561390252_n.jpg?stp=dst-jpg_s320x320&_nc_ht=instagram.fcai2-2.fna.fbcdn.net&_nc_cat=1&_nc_ohc=DvjOkkrXJKAAX_GdPng&edm=ABfd0MgBAAAA&ccb=7-5&oh=00_AT9RSXd1nn_gxSZ0GEVX0VOB-bXV5IYdSrK-XSLw9bJ3mA&oe=6292D896&_nc_sid=7bff83
yasmine_sabri,Yasmine Sabri,I Dream,"[True, True, True, True, True, True, True, True, True, True, True, True]",http://www.yasminesabri.net/,19002408,92,1363,https://www.instagram.com/p/CdqqHNrKj-l/,739376,7118,Tuesday - 17 May 2022,06 PM,2.8952014923582317,https://instagram.fcai2-2.fna.fbcdn.net/v/t51.2885-19/193962044_525385478492930_8095137717561390252_n.jpg?stp=dst-jpg_s320x320&_nc_ht=instagram.fcai2-2.fna.fbcdn.net&_nc_cat=1&_nc_ohc=DvjOkkrXJKAAX_GdPng&edm=ABfd0MgBAAAA&ccb=7-5&oh=00_AT9RSXd1nn_gxSZ0GEVX0VOB-bXV5IYdSrK-XSLw9bJ3mA&oe=6292D896&_nc_sid=7bff83
yasmine_sabri,Yasmine Sabri,I Dream,"[True, True, True, True, True, True, True, True, True, True, True, True]",http://www.yasminesabri.net/,19002408,92,1363,https://www.instagram.com/p/CdjN3J3qKUL/,957004,12104,Saturday - 14 May 2022,09 PM,2.8952014923582317,https://instagram.fcai2-2.fna.fbcdn.net/v/t51.2885-19/193962044_525385478492930_8095137717561390252_n.jpg?stp=dst-jpg_s320x320&_nc_ht=instagram.fcai2-2.fna.fbcdn.net&_nc_cat=1&_nc_ohc=DvjOkkrXJKAAX_GdPng&edm=ABfd0MgBAAAA&ccb=7-5&oh=00_AT9RSXd1nn_gxSZ0GEVX0VOB-bXV5IYdSrK-XSLw9bJ3mA&oe=6292D896&_nc_sid=7bff83
yasmine_sabri,Yasmine Sabri,I Dream,"[True, True, True, True, True, True, True, True, True, True, True, True]",http://www.yasminesabri.net/,19002408,92,1363,https://www.instagram.com/p/CdgI4JlopEP/,634596,8430,Friday - 13 May 2022,04 PM,2.8952014923582317,https://instagram.fcai2-2.fna.fbcdn.net/v/t51.2885-19/193962044_525385478492930_8095137717561390252_n.jpg?stp=dst-jpg_s320x320&_nc_ht=instagram.fcai2-2.fna.fbcdn.net&_nc_cat=1&_nc_ohc=DvjOkkrXJKAAX_GdPng&edm=ABfd0MgBAAAA&ccb=7-5&oh=00_AT9RSXd1nn_gxSZ0GEVX0VOB-bXV5IYdSrK-XSLw9bJ3mA&oe=6292D896&_nc_sid=7bff83
yasmine_sabri,Yasmine Sabri,I Dream,"[True, True, True, True, True, True, True, True, True, True, True, True]",http://www.yasminesabri.net/,19002408,92,1363,https://www.instagram.com/p/CdakX_xq47k/,694214,10666,Wednesday - 11 May 2022,12 PM,2.8952014923582317,https://instagram.fcai2-2.fna.fbcdn.net/v/t51.2885-19/193962044_525385478492930_8095137717561390252_n.jpg?stp=dst-jpg_s320x320&_nc_ht=instagram.fcai2-2.fna.fbcdn.net&_nc_cat=1&_nc_ohc=DvjOkkrXJKAAX_GdPng&edm=ABfd0MgBAAAA&ccb=7-5&oh=00_AT9RSXd1nn_gxSZ0GEVX0VOB-bXV5IYdSrK-XSLw9bJ3mA&oe=6292D896&_nc_sid=7bff83
yasmine_sabri,Yasmine Sabri,I Dream,"[True, True, True, True, True, True, True, True, True, True, True, True]",http://www.yasminesabri.net/,19002408,92,1363,https://www.instagram.com/p/Cc51CL0KdfW/,88198,2303,Thursday - 28 Apr 2022,07 PM,2.8952014923582317,https://instagram.fcai2-2.fna.fbcdn.net/v/t51.2885-19/193962044_525385478492930_8095137717561390252_n.jpg?stp=dst-jpg_s320x320&_nc_ht=instagram.fcai2-2.fna.fbcdn.net&_nc_cat=1&_nc_ohc=DvjOkkrXJKAAX_GdPng&edm=ABfd0MgBAAAA&ccb=7-5&oh=00_AT9RSXd1nn_gxSZ0GEVX0VOB-bXV5IYdSrK-XSLw9bJ3mA&oe=6292D896&_nc_sid=7bff83
yasmine_sabri,Yasmine Sabri,I Dream,"[True, True, True, True, True, True, True, True, True, True, True, True]",http://www.yasminesabri.net/,19002408,92,1363,https://www.instagram.com/p/CctIcVSqUqA/,460168,4604,Saturday - 23 Apr 2022,09 PM,2.8952014923582317,https://instagram.fcai2-2.fna.fbcdn.net/v/t51.2885-19/193962044_525385478492930_8095137717561390252_n.jpg?stp=dst-jpg_s320x320&_nc_ht=instagram.fcai2-2.fna.fbcdn.net&_nc_cat=1&_nc_ohc=DvjOkkrXJKAAX_GdPng&edm=ABfd0MgBAAAA&ccb=7-5&oh=00_AT9RSXd1nn_gxSZ0GEVX0VOB-bXV5IYdSrK-XSLw9bJ3mA&oe=6292D896&_nc_sid=7bff83
yasmine_sabri,Yasmine Sabri,I Dream,"[True, True, True, True, True, True, True, True, True, True, True, True]",http://www.yasminesabri.net/,19002408,92,1363,https://www.instagram.com/p/CcdvQgMqr3K/,316228,4264,Sunday - 17 Apr 2022,09 PM,2.8952014923582317,https://instagram.fcai2-2.fna.fbcdn.net/v/t51.2885-19/193962044_525385478492930_8095137717561390252_n.jpg?stp=dst-jpg_s320x320&_nc_ht=instagram.fcai2-2.fna.fbcdn.net&_nc_cat=1&_nc_ohc=DvjOkkrXJKAAX_GdPng&edm=ABfd0MgBAAAA&ccb=7-5&oh=00_AT9RSXd1nn_gxSZ0GEVX0VOB-bXV5IYdSrK-XSLw9bJ3mA&oe=6292D896&_nc_sid=7bff83
yasmine_sabri,Yasmine Sabri,I Dream,"[True, True, True, True, True, True, True, True, True, True, True, True]",http://www.yasminesabri.net/,19002408,92,1363,https://www.instagram.com/p/CcbIy6-KOYY/,453211,7262,Saturday - 16 Apr 2022,09 PM,2.8952014923582317,https://instagram.fcai2-2.fna.fbcdn.net/v/t51.2885-19/193962044_525385478492930_8095137717561390252_n.jpg?stp=dst-jpg_s320x320&_nc_ht=instagram.fcai2-2.fna.fbcdn.net&_nc_cat=1&_nc_ohc=DvjOkkrXJKAAX_GdPng&edm=ABfd0MgBAAAA&ccb=7-5&oh=00_AT9RSXd1nn_gxSZ0GEVX0VOB-bXV5IYdSrK-XSLw9bJ3mA&oe=6292D896&_nc_sid=7bff83
yasmine_sabri,Yasmine Sabri,I Dream,"[True, True, True, True, True, True, True, True, True, True, True, True]",http://www.yasminesabri.net/,19002408,92,1363,https://www.instagram.com/p/CcQy6FDqmNE/,210251,3332,Tuesday - 12 Apr 2022,09 PM,2.8952014923582317,https://instagram.fcai2-2.fna.fbcdn.net/v/t51.2885-19/193962044_525385478492930_8095137717561390252_n.jpg?stp=dst-jpg_s320x320&_nc_ht=instagram.fcai2-2.fna.fbcdn.net&_nc_cat=1&_nc_ohc=DvjOkkrXJKAAX_GdPng&edm=ABfd0MgBAAAA&ccb=7-5&oh=00_AT9RSXd1nn_gxSZ0GEVX0VOB-bXV5IYdSrK-XSLw9bJ3mA&oe=6292D896&_nc_sid=7bff83
yasmine_sabri,Yasmine Sabri,I Dream,"[True, True, True, True, True, True, True, True, True, True, True, True]",http://www.yasminesabri.net/,19002408,92,1363,https://www.instagram.com/p/CcLn4asqYFu/,542453,7705,Sunday - 10 Apr 2022,09 PM,2.8952014923582317,https://instagram.fcai2-2.fna.fbcdn.net/v/t51.2885-19/193962044_525385478492930_8095137717561390252_n.jpg?stp=dst-jpg_s320x320&_nc_ht=instagram.fcai2-2.fna.fbcdn.net&_nc_cat=1&_nc_ohc=DvjOkkrXJKAAX_GdPng&edm=ABfd0MgBAAAA&ccb=7-5&oh=00_AT9RSXd1nn_gxSZ0GEVX0VOB-bXV5IYdSrK-XSLw9bJ3mA&oe=6292D896&_nc_sid=7bff83
hanadymehanna,Hanady,"French üá´üá∑ - Egyptian üá™üá¨
Managed by @starbuzztalents","[True, True, True, True, True, True, True, True, True, True, True, True]",,5123440,824,567,https://www.instagram.com/p/Cd3jb-dtC4l/,115975,543,Sunday - 22 May 2022,07 PM,8.195997220617397,https://instagram.fcai2-2.fna.fbcdn.net/v/t51.2885-19/280549505_146814364555833_2238736212573317639_n.jpg?stp=dst-jpg_s320x320&_nc_ht=instagram.fcai2-2.fna.fbcdn.net&_nc_cat=1&_nc_ohc=01CcZrJom8UAX-YefCH&edm=ABfd0MgBAAAA&ccb=7-5&oh=00_AT9qpvZdm6nu8jZV0-CimWBP1Nvd9IH2A2-avFz7jxyuaA&oe=629163A1&_nc_sid=7bff83
hanadymehanna,Hanady,"French üá´üá∑ - Egyptian üá™üá¨
Managed by @starbuzztalents","[True, True, True, True, True, True, True, True, True, True, True, True]",,5123440,824,567,https://www.instagram.com/p/Cd1Pbl9LetX/,92802,444,Saturday - 21 May 2022,09 PM,8.195997220617397,https://instagram.fcai2-2.fna.fbcdn.net/v/t51.2885-19/280549505_146814364555833_2238736212573317639_n.jpg?stp=dst-jpg_s320x320&_nc_ht=instagram.fcai2-2.fna.fbcdn.net&_nc_cat=1&_nc_ohc=01CcZrJom8UAX-YefCH&edm=ABfd0MgBAAAA&ccb=7-5&oh=00_AT9qpvZdm6nu8jZV0-CimWBP1Nvd9IH2A2-avFz7jxyuaA&oe=629163A1&_nc_sid=7bff83
hanadymehanna,Hanady,"French üá´üá∑ - Egyptian üá™üá¨
Managed by @starbuzztalents","[True, True, True, True, True, True, True, True, True, True, True, True]",,5123440,824,567,https://www.instagram.com/p/Cdxt0UxtFZk/,81246,517,Friday - 20 May 2022,12 PM,8.195997220617397,https://instagram.fcai2-2.fna.fbcdn.net/v/t51.2885-19/280549505_146814364555833_2238736212573317639_n.jpg?stp=dst-jpg_s320x320&_nc_ht=instagram.fcai2-2.fna.fbcdn.net&_nc_cat=1&_nc_ohc=01CcZrJom8UAX-YefCH&edm=ABfd0MgBAAAA&ccb=7-5&oh=00_AT9qpvZdm6nu8jZV0-CimWBP1Nvd9IH2A2-avFz7jxyuaA&oe=629163A1&_nc_sid=7bff83
hanadymehanna,Hanady,"French üá´üá∑ - Egyptian üá™üá¨
Managed by @starbuzztalents","[True, True, True, True, True, True, True, True, True, True, True, True]",,5123440,824,567,https://www.instagram.com/p/CdqKIEUvQHa/,205331,1000,Tuesday - 17 May 2022,02 PM,8.195997220617397,https://instagram.fcai2-2.fna.fbcdn.net/v/t51.2885-19/280549505_146814364555833_2238736212573317639_n.jpg?stp=dst-jpg_s320x320&_nc_ht=instagram.fcai2-2.fna.fbcdn.net&_nc_cat=1&_nc_ohc=01CcZrJom8UAX-YefCH&edm=ABfd0MgBAAAA&ccb=7-5&oh=00_AT9qpvZdm6nu8jZV0-CimWBP1Nvd9IH2A2-avFz7jxyuaA&oe=629163A1&_nc_sid=7bff83
hanadymehanna,Hanady,"French üá´üá∑ - Egyptian üá™üá¨
Managed by @starbuzztalents","[True, True, True, True, True, True, True, True, True, True, True, True]",,5123440,824,567,https://www.instagram.com/p/CdWZ-kqLSm9/,95582,806,Monday - 09 May 2022,10 PM,8.195997220617397,https://instagram.fcai2-2.fna.fbcdn.net/v/t51.2885-19/280549505_146814364555833_2238736212573317639_n.jpg?stp=dst-jpg_s320x320&_nc_ht=instagram.fcai2-2.fna.fbcdn.net&_nc_cat=1&_nc_ohc=01CcZrJom8UAX-YefCH&edm=ABfd0MgBAAAA&ccb=7-5&oh=00_AT9qpvZdm6nu8jZV0-CimWBP1Nvd9IH2A2-avFz7jxyuaA&oe=629163A1&_nc_sid=7bff83
hanadymehanna,Hanady,"French üá´üá∑ - Egyptian üá™üá¨
Managed by @starbuzztalents","[True, True, True, True, True, True, True, True, True, True, True, True]",,5123440,824,567,https://www.instagram.com/p/CdTKYtgNNYQ/,108525,611,Sunday - 08 May 2022,03 PM,8.195997220617397,https://instagram.fcai2-2.fna.fbcdn.net/v/t51.2885-19/280549505_146814364555833_2238736212573317639_n.jpg?stp=dst-jpg_s320x320&_nc_ht=instagram.fcai2-2.fna.fbcdn.net&_nc_cat=1&_nc_ohc=01CcZrJom8UAX-YefCH&edm=ABfd0MgBAAAA&ccb=7-5&oh=00_AT9qpvZdm6nu8jZV0-CimWBP1Nvd9IH2A2-avFz7jxyuaA&oe=629163A1&_nc_sid=7bff83
hanadymehanna,Hanady,"French üá´üá∑ - Egyptian üá™üá¨
Managed by @starbuzztalents","[True, True, True, True, True, True, True, True, True, True, True, True]",,5123440,824,567,https://www.instagram.com/p/CdQVCzat_Ur/,274041,656,Saturday - 07 May 2022,01 PM,8.195997220617397,https://instagram.fcai2-2.fna.fbcdn.net/v/t51.2885-19/280549505_146814364555833_2238736212573317639_n.jpg?stp=dst-jpg_s320x320&_nc_ht=instagram.fcai2-2.fna.fbcdn.net&_nc_cat=1&_nc_ohc=01CcZrJom8UAX-YefCH&edm=ABfd0MgBAAAA&ccb=7-5&oh=00_AT9qpvZdm6nu8jZV0-CimWBP1Nvd9IH2A2-avFz7jxyuaA&oe=629163A1&_nc_sid=7bff83
hanadymehanna,Hanady,"French üá´üá∑ - Egyptian üá™üá¨
Managed by @starbuzztalents","[True, True, True, True, True, True, True, True, True, True, True, True]",,5123440,824,567,https://www.instagram.com/p/CdOblD1jJfw/,233018,1176,Friday - 06 May 2022,07 PM,8.195997220617397,https://instagram.fcai2-2.fna.fbcdn.net/v/t51.2885-19/280549505_146814364555833_2238736212573317639_n.jpg?stp=dst-jpg_s320x320&_nc_ht=instagram.fcai2-2.fna.fbcdn.net&_nc_cat=1&_nc_ohc=01CcZrJom8UAX-YefCH&edm=ABfd0MgBAAAA&ccb=7-5&oh=00_AT9qpvZdm6nu8jZV0-CimWBP1Nvd9IH2A2-avFz7jxyuaA&oe=629163A1&_nc_sid=7bff83
hanadymehanna,Hanady,"French üá´üá∑ - Egyptian üá™üá¨
Managed by @starbuzztalents","[True, True, True, True, True, True, True, True, True, True, True, True]",,5123440,824,567,https://www.instagram.com/p/CdOV7UFj5uV/,134229,496,Friday - 06 May 2022,06 PM,8.195997220617397,https://instagram.fcai2-2.fna.fbcdn.net/v/t51.2885-19/280549505_146814364555833_2238736212573317639_n.jpg?stp=dst-jpg_s320x320&_nc_ht=instagram.fcai2-2.fna.fbcdn.net&_nc_cat=1&_nc_ohc=01CcZrJom8UAX-YefCH&edm=ABfd0MgBAAAA&ccb=7-5&oh=00_AT9qpvZdm6nu8jZV0-CimWBP1Nvd9IH2A2-avFz7jxyuaA&oe=629163A1&_nc_sid=7bff83
hanadymehanna,Hanady,"French üá´üá∑ - Egyptian üá™üá¨
Managed by @starbuzztalents","[True, True, True, True, True, True, True, True, True, True, True, True]",,5123440,824,567,https://www.instagram.com/p/CdOIlLmDu4V/,252180,1554,Friday - 06 May 2022,05 PM,8.195997220617397,https://instagram.fcai2-2.fna.fbcdn.net/v/t51.2885-19/280549505_146814364555833_2238736212573317639_n.jpg?stp=dst-jpg_s320x320&_nc_ht=instagram.fcai2-2.fna.fbcdn.net&_nc_cat=1&_nc_ohc=01CcZrJom8UAX-YefCH&edm=ABfd0MgBAAAA&ccb=7-5&oh=00_AT9qpvZdm6nu8jZV0-CimWBP1Nvd9IH2A2-avFz7jxyuaA&oe=629163A1&_nc_sid=7bff83
hanadymehanna,Hanady,"French üá´üá∑ - Egyptian üá™üá¨
Managed by @starbuzztalents","[True, True, True, True, True, True, True, True, True, True, True, True]",,5123440,824,567,https://www.instagram.com/p/CdL-j6mrzh4/,355527,840,Thursday - 05 May 2022,08 PM,8.195997220617397,https://instagram.fcai2-2.fna.fbcdn.net/v/t51.2885-19/280549505_146814364555833_2238736212573317639_n.jpg?stp=dst-jpg_s320x320&_nc_ht=instagram.fcai2-2.fna.fbcdn.net&_nc_cat=1&_nc_ohc=01CcZrJom8UAX-YefCH&edm=ABfd0MgBAAAA&ccb=7-5&oh=00_AT9qpvZdm6nu8jZV0-CimWBP1Nvd9IH2A2-avFz7jxyuaA&oe=629163A1&_nc_sid=7bff83
hanadymehanna,Hanady,"French üá´üá∑ - Egyptian üá™üá¨
Managed by @starbuzztalents","[True, True, True, True, True, True, True, True, True, True, True, True]",,5123440,824,567,https://www.instagram.com/p/CdLv16OgEMl/,417758,2159,Thursday - 05 May 2022,06 PM,8.195997220617397,https://instagram.fcai2-2.fna.fbcdn.net/v/t51.2885-19/280549505_146814364555833_2238736212573317639_n.jpg?stp=dst-jpg_s320x320&_nc_ht=instagram.fcai2-2.fna.fbcdn.net&_nc_cat=1&_nc_ohc=01CcZrJom8UAX-YefCH&edm=ABfd0MgBAAAA&ccb=7-5&oh=00_AT9qpvZdm6nu8jZV0-CimWBP1Nvd9IH2A2-avFz7jxyuaA&oe=629163A1&_nc_sid=7bff83
mekkystyle,‚ô†Ô∏è  Ahmed Mekky  ‚ô†Ô∏è,"( Ahmed Mekky )  :   Cinema Director ... actor ... writer ... producer ... rapper 
Official Facebook :
https://www.facebook.com/SekkyMallawany/","[True, True, True, True, True, True, True, True, True, True, True, True]",,6937920,556,229,https://www.instagram.com/p/CdvH1q6DrAJ/,58112,701,Thursday - 19 May 2022,12 PM,2.626767100226004,https://instagram.fcai2-2.fna.fbcdn.net/v/t51.2885-19/273123161_116530720936261_5229272205175473426_n.jpg?stp=dst-jpg_s320x320&_nc_ht=instagram.fcai2-2.fna.fbcdn.net&_nc_cat=1&_nc_ohc=qiif3Vs_bkUAX-ApLHW&tn=baalZ3ibDzrOsESE&edm=ABfd0MgBAAAA&ccb=7-5&oh=00_AT_Wgh1MsIDFv7NGLAYdQCuN4815LIfrrMI8syIXq5bfVw&oe=62911FDC&_nc_sid=7bff83
mekkystyle,‚ô†Ô∏è  Ahmed Mekky  ‚ô†Ô∏è,"( Ahmed Mekky )  :   Cinema Director ... actor ... writer ... producer ... rapper 
Official Facebook :
https://www.facebook.com/SekkyMallawany/","[True, True, True, True, True, True, True, True, True, True, True, True]",,6937920,556,229,https://www.instagram.com/p/CdRXoMODOjG/,194000,3190,Saturday - 07 May 2022,11 PM,2.626767100226004,https://instagram.fcai2-2.fna.fbcdn.net/v/t51.2885-19/273123161_116530720936261_5229272205175473426_n.jpg?stp=dst-jpg_s320x320&_nc_ht=instagram.fcai2-2.fna.fbcdn.net&_nc_cat=1&_nc_ohc=qiif3Vs_bkUAX-ApLHW&tn=baalZ3ibDzrOsESE&edm=ABfd0MgBAAAA&ccb=7-5&oh=00_AT_Wgh1MsIDFv7NGLAYdQCuN4815LIfrrMI8syIXq5bfVw&oe=62911FDC&_nc_sid=7bff83
mekkystyle,‚ô†Ô∏è  Ahmed Mekky  ‚ô†Ô∏è,"( Ahmed Mekky )  :   Cinema Director ... actor ... writer ... producer ... rapper 
Official Facebook :
https://www.facebook.com/SekkyMallawany/","[True, True, True, True, True, True, True, True, True, True, True, True]",,6937920,556,229,https://www.instagram.com/p/CdBrO0gjfOY/,169469,1888,Sunday - 01 May 2022,08 PM,2.626767100226004,https://instagram.fcai2-2.fna.fbcdn.net/v/t51.2885-19/273123161_116530720936261_5229272205175473426_n.jpg?stp=dst-jpg_s320x320&_nc_ht=instagram.fcai2-2.fna.fbcdn.net&_nc_cat=1&_nc_ohc=qiif3Vs_bkUAX-ApLHW&tn=baalZ3ibDzrOsESE&edm=ABfd0MgBAAAA&ccb=7-5&oh=00_AT_Wgh1MsIDFv7NGLAYdQCuN4815LIfrrMI8syIXq5bfVw&oe=62911FDC&_nc_sid=7bff83
mekkystyle,‚ô†Ô∏è  Ahmed Mekky  ‚ô†Ô∏è,"( Ahmed Mekky )  :   Cinema Director ... actor ... writer ... producer ... rapper 
Official Facebook :
https://www.facebook.com/SekkyMallawany/","[True, True, True, True, True, True, True, True, True, True, True, True]",,6937920,556,229,https://www.instagram.com/p/CdBZ5lntDwK/,325104,5886,Sunday - 01 May 2022,06 PM,2.626767100226004,https://instagram.fcai2-2.fna.fbcdn.net/v/t51.2885-19/273123161_116530720936261_5229272205175473426_n.jpg?stp=dst-jpg_s320x320&_nc_ht=instagram.fcai2-2.fna.fbcdn.net&_nc_cat=1&_nc_ohc=qiif3Vs_bkUAX-ApLHW&tn=baalZ3ibDzrOsESE&edm=ABfd0MgBAAAA&ccb=7-5&oh=00_AT_Wgh1MsIDFv7NGLAYdQCuN4815LIfrrMI8syIXq5bfVw&oe=62911FDC&_nc_sid=7bff83
mekkystyle,‚ô†Ô∏è  Ahmed Mekky  ‚ô†Ô∏è,"( Ahmed Mekky )  :   Cinema Director ... actor ... writer ... producer ... rapper 
Official Facebook :
https://www.facebook.com/SekkyMallawany/","[True, True, True, True, True, True, True, True, True, True, True, True]",,6937920,556,229,https://www.instagram.com/p/Cc_VSzgjQdh/,388707,6711,Saturday - 30 Apr 2022,11 PM,2.626767100226004,https://instagram.fcai2-2.fna.fbcdn.net/v/t51.2885-19/273123161_116530720936261_5229272205175473426_n.jpg?stp=dst-jpg_s320x320&_nc_ht=instagram.fcai2-2.fna.fbcdn.net&_nc_cat=1&_nc_ohc=qiif3Vs_bkUAX-ApLHW&tn=baalZ3ibDzrOsESE&edm=ABfd0MgBAAAA&ccb=7-5&oh=00_AT_Wgh1MsIDFv7NGLAYdQCuN4815LIfrrMI8syIXq5bfVw&oe=62911FDC&_nc_sid=7bff83
mekkystyle,‚ô†Ô∏è  Ahmed Mekky  ‚ô†Ô∏è,"( Ahmed Mekky )  :   Cinema Director ... actor ... writer ... producer ... rapper 
Official Facebook :
https://www.facebook.com/SekkyMallawany/","[True, True, True, True, True, True, True, True, True, True, True, True]",,6937920,556,229,https://www.instagram.com/p/Cc8e8A3DeaK/,195621,2535,Friday - 29 Apr 2022,08 PM,2.626767100226004,https://instagram.fcai2-2.fna.fbcdn.net/v/t51.2885-19/273123161_116530720936261_5229272205175473426_n.jpg?stp=dst-jpg_s320x320&_nc_ht=instagram.fcai2-2.fna.fbcdn.net&_nc_cat=1&_nc_ohc=qiif3Vs_bkUAX-ApLHW&tn=baalZ3ibDzrOsESE&edm=ABfd0MgBAAAA&ccb=7-5&oh=00_AT_Wgh1MsIDFv7NGLAYdQCuN4815LIfrrMI8syIXq5bfVw&oe=62911FDC&_nc_sid=7bff83
mekkystyle,‚ô†Ô∏è  Ahmed Mekky  ‚ô†Ô∏è,"( Ahmed Mekky )  :   Cinema Director ... actor ... writer ... producer ... rapper 
Official Facebook :
https://www.facebook.com/SekkyMallawany/","[True, True, True, True, True, True, True, True, True, True, True, True]",,6937920,556,229,https://www.instagram.com/p/Cc76oCqDTCw/,100458,997,Friday - 29 Apr 2022,03 PM,2.626767100226004,https://instagram.fcai2-2.fna.fbcdn.net/v/t51.2885-19/273123161_116530720936261_5229272205175473426_n.jpg?stp=dst-jpg_s320x320&_nc_ht=instagram.fcai2-2.fna.fbcdn.net&_nc_cat=1&_nc_ohc=qiif3Vs_bkUAX-ApLHW&tn=baalZ3ibDzrOsESE&edm=ABfd0MgBAAAA&ccb=7-5&oh=00_AT_Wgh1MsIDFv7NGLAYdQCuN4815LIfrrMI8syIXq5bfVw&oe=62911FDC&_nc_sid=7bff83
mekkystyle,‚ô†Ô∏è  Ahmed Mekky  ‚ô†Ô∏è,"( Ahmed Mekky )  :   Cinema Director ... actor ... writer ... producer ... rapper 
Official Facebook :
https://www.facebook.com/SekkyMallawany/","[True, True, True, True, True, True, True, True, True, True, True, True]",,6937920,556,229,https://www.instagram.com/p/Cc6gIWCtn-z/,285676,1506,Friday - 29 Apr 2022,02 AM,2.626767100226004,https://instagram.fcai2-2.fna.fbcdn.net/v/t51.2885-19/273123161_116530720936261_5229272205175473426_n.jpg?stp=dst-jpg_s320x320&_nc_ht=instagram.fcai2-2.fna.fbcdn.net&_nc_cat=1&_nc_ohc=qiif3Vs_bkUAX-ApLHW&tn=baalZ3ibDzrOsESE&edm=ABfd0MgBAAAA&ccb=7-5&oh=00_AT_Wgh1MsIDFv7NGLAYdQCuN4815LIfrrMI8syIXq5bfVw&oe=62911FDC&_nc_sid=7bff83
mekkystyle,‚ô†Ô∏è  Ahmed Mekky  ‚ô†Ô∏è,"( Ahmed Mekky )  :   Cinema Director ... actor ... writer ... producer ... rapper 
Official Facebook :
https://www.facebook.com/SekkyMallawany/","[True, True, True, True, True, True, True, True, True, True, True, True]",,6937920,556,229,https://www.instagram.com/p/Cc3VUtmDl-I/,180105,2740,Wednesday - 27 Apr 2022,08 PM,2.626767100226004,https://instagram.fcai2-2.fna.fbcdn.net/v/t51.2885-19/273123161_116530720936261_5229272205175473426_n.jpg?stp=dst-jpg_s320x320&_nc_ht=instagram.fcai2-2.fna.fbcdn.net&_nc_cat=1&_nc_ohc=qiif3Vs_bkUAX-ApLHW&tn=baalZ3ibDzrOsESE&edm=ABfd0MgBAAAA&ccb=7-5&oh=00_AT_Wgh1MsIDFv7NGLAYdQCuN4815LIfrrMI8syIXq5bfVw&oe=62911FDC&_nc_sid=7bff83
mekkystyle,‚ô†Ô∏è  Ahmed Mekky  ‚ô†Ô∏è,"( Ahmed Mekky )  :   Cinema Director ... actor ... writer ... producer ... rapper 
Official Facebook :
https://www.facebook.com/SekkyMallawany/","[True, True, True, True, True, True, True, True, True, True, True, True]",,6937920,556,229,https://www.instagram.com/p/CcvD_pNtYzB/,275916,1499,Sunday - 24 Apr 2022,03 PM,2.626767100226004,https://instagram.fcai2-2.fna.fbcdn.net/v/t51.2885-19/273123161_116530720936261_5229272205175473426_n.jpg?stp=dst-jpg_s320x320&_nc_ht=instagram.fcai2-2.fna.fbcdn.net&_nc_cat=1&_nc_ohc=qiif3Vs_bkUAX-ApLHW&tn=baalZ3ibDzrOsESE&edm=ABfd0MgBAAAA&ccb=7-5&oh=00_AT_Wgh1MsIDFv7NGLAYdQCuN4815LIfrrMI8syIXq5bfVw&oe=62911FDC&_nc_sid=7bff83
mekkystyle,‚ô†Ô∏è  Ahmed Mekky  ‚ô†Ô∏è,"( Ahmed Mekky )  :   Cinema Director ... actor ... writer ... producer ... rapper 
Official Facebook :
https://www.facebook.com/SekkyMallawany/","[True, True, True, True, True, True, True, True, True, True, True, True]",,6937920,556,229,https://www.instagram.com/p/CctTS_UNJ69/,340662,2920,Saturday - 23 Apr 2022,10 PM,2.626767100226004,https://instagram.fcai2-2.fna.fbcdn.net/v/t51.2885-19/273123161_116530720936261_5229272205175473426_n.jpg?stp=dst-jpg_s320x320&_nc_ht=instagram.fcai2-2.fna.fbcdn.net&_nc_cat=1&_nc_ohc=qiif3Vs_bkUAX-ApLHW&tn=baalZ3ibDzrOsESE&edm=ABfd0MgBAAAA&ccb=7-5&oh=00_AT_Wgh1MsIDFv7NGLAYdQCuN4815LIfrrMI8syIXq5bfVw&oe=62911FDC&_nc_sid=7bff83
mekkystyle,‚ô†Ô∏è  Ahmed Mekky  ‚ô†Ô∏è,"( Ahmed Mekky )  :   Cinema Director ... actor ... writer ... producer ... rapper 
Official Facebook :
https://www.facebook.com/SekkyMallawany/","[True, True, True, True, True, True, True, True, True, True, True, True]",,6937920,556,229,https://www.instagram.com/p/CcrLAvEjxqP/,179845,2398,Saturday - 23 Apr 2022,03 AM,2.626767100226004,https://instagram.fcai2-2.fna.fbcdn.net/v/t51.2885-19/273123161_116530720936261_5229272205175473426_n.jpg?stp=dst-jpg_s320x320&_nc_ht=instagram.fcai2-2.fna.fbcdn.net&_nc_cat=1&_nc_ohc=qiif3Vs_bkUAX-ApLHW&tn=baalZ3ibDzrOsESE&edm=ABfd0MgBAAAA&ccb=7-5&oh=00_AT_Wgh1MsIDFv7NGLAYdQCuN4815LIfrrMI8syIXq5bfVw&oe=62911FDC&_nc_sid=7bff83
akramhosny,Akram Hosny,‚ÄéŸÖŸäŸÜ ŸÅŸäŸÜÿß ŸÖÿßÿ™ŸÇÿßŸÑŸàÿ¥ ÿßÿØŸä ÿØŸÇŸÜŸä ŸÑŸà ŸÅŸÑÿ≠ÿ™,"[True, True, True, True, True, True, True, True, True, True, True, True]",https://youtu.be/pPzcuN3sEDU,2622094,786,669,https://www.instagram.com/p/Cdx4MtetjG6/,10257,125,Friday - 20 May 2022,02 PM,0.18000880212532427,https://instagram.fcai2-2.fna.fbcdn.net/v/t51.2885-19/277856512_285174793793909_8188644362882737619_n.jpg?stp=dst-jpg_s320x320&_nc_ht=instagram.fcai2-2.fna.fbcdn.net&_nc_cat=105&_nc_ohc=3cgeqB8oAaYAX-Bo3U4&edm=ABfd0MgBAAAA&ccb=7-5&oh=00_AT-BVUm_XlBKcto-2xEJFj6jpULjbZ0Tg1JqgURItfoVqg&oe=6291EA9D&_nc_sid=7bff83
akramhosny,Akram Hosny,‚ÄéŸÖŸäŸÜ ŸÅŸäŸÜÿß ŸÖÿßÿ™ŸÇÿßŸÑŸàÿ¥ ÿßÿØŸä ÿØŸÇŸÜŸä ŸÑŸà ŸÅŸÑÿ≠ÿ™,"[True, True, True, True, True, True, True, True, True, True, True, True]",https://youtu.be/pPzcuN3sEDU,2622094,786,669,https://www.instagram.com/p/CdlrCyYtO5E/,92973,409,Sunday - 15 May 2022,08 PM,0.18000880212532427,https://instagram.fcai2-2.fna.fbcdn.net/v/t51.2885-19/277856512_285174793793909_8188644362882737619_n.jpg?stp=dst-jpg_s320x320&_nc_ht=instagram.fcai2-2.fna.fbcdn.net&_nc_cat=105&_nc_ohc=3cgeqB8oAaYAX-Bo3U4&edm=ABfd0MgBAAAA&ccb=7-5&oh=00_AT-BVUm_XlBKcto-2xEJFj6jpULjbZ0Tg1JqgURItfoVqg&oe=6291EA9D&_nc_sid=7bff83
akramhosny,Akram Hosny,‚ÄéŸÖŸäŸÜ ŸÅŸäŸÜÿß ŸÖÿßÿ™ŸÇÿßŸÑŸàÿ¥ ÿßÿØŸä ÿØŸÇŸÜŸä ŸÑŸà ŸÅŸÑÿ≠ÿ™,"[True, True, True, True, True, True, True, True, True, True, True, True]",https://youtu.be/pPzcuN3sEDU,2622094,786,669,https://www.instagram.com/p/CdbRH4jFWOJ/,83174,512,Wednesday - 11 May 2022,07 PM,0.18000880212532427,https://instagram.fcai2-2.fna.fbcdn.net/v/t51.2885-19/277856512_285174793793909_8188644362882737619_n.jpg?stp=dst-jpg_s320x320&_nc_ht=instagram.fcai2-2.fna.fbcdn.net&_nc_cat=105&_nc_ohc=3cgeqB8oAaYAX-Bo3U4&edm=ABfd0MgBAAAA&ccb=7-5&oh=00_AT-BVUm_XlBKcto-2xEJFj6jpULjbZ0Tg1JqgURItfoVqg&oe=6291EA9D&_nc_sid=7bff83
akramhosny,Akram Hosny,‚ÄéŸÖŸäŸÜ ŸÅŸäŸÜÿß ŸÖÿßÿ™ŸÇÿßŸÑŸàÿ¥ ÿßÿØŸä ÿØŸÇŸÜŸä ŸÑŸà ŸÅŸÑÿ≠ÿ™,"[True, True, True, True, True, True, True, True, True, True, True, True]",https://youtu.be/pPzcuN3sEDU,2622094,786,669,https://www.instagram.com/p/CdQ7QvPNPAJ/,13114,131,Saturday - 07 May 2022,07 PM,0.18000880212532427,https://instagram.fcai2-2.fna.fbcdn.net/v/t51.2885-19/277856512_285174793793909_8188644362882737619_n.jpg?stp=dst-jpg_s320x320&_nc_ht=instagram.fcai2-2.fna.fbcdn.net&_nc_cat=105&_nc_ohc=3cgeqB8oAaYAX-Bo3U4&edm=ABfd0MgBAAAA&ccb=7-5&oh=00_AT-BVUm_XlBKcto-2xEJFj6jpULjbZ0Tg1JqgURItfoVqg&oe=6291EA9D&_nc_sid=7bff83
akramhosny,Akram Hosny,‚ÄéŸÖŸäŸÜ ŸÅŸäŸÜÿß ŸÖÿßÿ™ŸÇÿßŸÑŸàÿ¥ ÿßÿØŸä ÿØŸÇŸÜŸä ŸÑŸà ŸÅŸÑÿ≠ÿ™,"[True, True, True, True, True, True, True, True, True, True, True, True]",https://youtu.be/pPzcuN3sEDU,2622094,786,669,https://www.instagram.com/p/CdDNAjOtDEF/,59822,777,Monday - 02 May 2022,11 AM,0.18000880212532427,https://instagram.fcai2-2.fna.fbcdn.net/v/t51.2885-19/277856512_285174793793909_8188644362882737619_n.jpg?stp=dst-jpg_s320x320&_nc_ht=instagram.fcai2-2.fna.fbcdn.net&_nc_cat=105&_nc_ohc=3cgeqB8oAaYAX-Bo3U4&edm=ABfd0MgBAAAA&ccb=7-5&oh=00_AT-BVUm_XlBKcto-2xEJFj6jpULjbZ0Tg1JqgURItfoVqg&oe=6291EA9D&_nc_sid=7bff83
akramhosny,Akram Hosny,‚ÄéŸÖŸäŸÜ ŸÅŸäŸÜÿß ŸÖÿßÿ™ŸÇÿßŸÑŸàÿ¥ ÿßÿØŸä ÿØŸÇŸÜŸä ŸÑŸà ŸÅŸÑÿ≠ÿ™,"[True, True, True, True, True, True, True, True, True, True, True, True]",https://youtu.be/pPzcuN3sEDU,2622094,786,669,https://www.instagram.com/p/CdBsz7GthqP/,77425,388,Sunday - 01 May 2022,09 PM,0.18000880212532427,https://instagram.fcai2-2.fna.fbcdn.net/v/t51.2885-19/277856512_285174793793909_8188644362882737619_n.jpg?stp=dst-jpg_s320x320&_nc_ht=instagram.fcai2-2.fna.fbcdn.net&_nc_cat=105&_nc_ohc=3cgeqB8oAaYAX-Bo3U4&edm=ABfd0MgBAAAA&ccb=7-5&oh=00_AT-BVUm_XlBKcto-2xEJFj6jpULjbZ0Tg1JqgURItfoVqg&oe=6291EA9D&_nc_sid=7bff83
akramhosny,Akram Hosny,‚ÄéŸÖŸäŸÜ ŸÅŸäŸÜÿß ŸÖÿßÿ™ŸÇÿßŸÑŸàÿ¥ ÿßÿØŸä ÿØŸÇŸÜŸä ŸÑŸà ŸÅŸÑÿ≠ÿ™,"[True, True, True, True, True, True, True, True, True, True, True, True]",https://youtu.be/pPzcuN3sEDU,2622094,786,669,https://www.instagram.com/p/CdBRY0BtS8L/,24480,405,Sunday - 01 May 2022,05 PM,0.18000880212532427,https://instagram.fcai2-2.fna.fbcdn.net/v/t51.2885-19/277856512_285174793793909_8188644362882737619_n.jpg?stp=dst-jpg_s320x320&_nc_ht=instagram.fcai2-2.fna.fbcdn.net&_nc_cat=105&_nc_ohc=3cgeqB8oAaYAX-Bo3U4&edm=ABfd0MgBAAAA&ccb=7-5&oh=00_AT-BVUm_XlBKcto-2xEJFj6jpULjbZ0Tg1JqgURItfoVqg&oe=6291EA9D&_nc_sid=7bff83
akramhosny,Akram Hosny,‚ÄéŸÖŸäŸÜ ŸÅŸäŸÜÿß ŸÖÿßÿ™ŸÇÿßŸÑŸàÿ¥ ÿßÿØŸä ÿØŸÇŸÜŸä ŸÑŸà ŸÅŸÑÿ≠ÿ™,"[True, True, True, True, True, True, True, True, True, True, True, True]",https://youtu.be/pPzcuN3sEDU,2622094,786,669,https://www.instagram.com/p/Cc-__twoei4/,4337,65,Saturday - 30 Apr 2022,08 PM,0.18000880212532427,https://instagram.fcai2-2.fna.fbcdn.net/v/t51.2885-19/277856512_285174793793909_8188644362882737619_n.jpg?stp=dst-jpg_s320x320&_nc_ht=instagram.fcai2-2.fna.fbcdn.net&_nc_cat=105&_nc_ohc=3cgeqB8oAaYAX-Bo3U4&edm=ABfd0MgBAAAA&ccb=7-5&oh=00_AT-BVUm_XlBKcto-2xEJFj6jpULjbZ0Tg1JqgURItfoVqg&oe=6291EA9D&_nc_sid=7bff83
akramhosny,Akram Hosny,‚ÄéŸÖŸäŸÜ ŸÅŸäŸÜÿß ŸÖÿßÿ™ŸÇÿßŸÑŸàÿ¥ ÿßÿØŸä ÿØŸÇŸÜŸä ŸÑŸà ŸÅŸÑÿ≠ÿ™,"[True, True, True, True, True, True, True, True, True, True, True, True]",https://youtu.be/pPzcuN3sEDU,2622094,786,669,https://www.instagram.com/p/Cc-_J_yoxeu/,2673,18,Saturday - 30 Apr 2022,07 PM,0.18000880212532427,https://instagram.fcai2-2.fna.fbcdn.net/v/t51.2885-19/277856512_285174793793909_8188644362882737619_n.jpg?stp=dst-jpg_s320x320&_nc_ht=instagram.fcai2-2.fna.fbcdn.net&_nc_cat=105&_nc_ohc=3cgeqB8oAaYAX-Bo3U4&edm=ABfd0MgBAAAA&ccb=7-5&oh=00_AT-BVUm_XlBKcto-2xEJFj6jpULjbZ0Tg1JqgURItfoVqg&oe=6291EA9D&_nc_sid=7bff83
akramhosny,Akram Hosny,‚ÄéŸÖŸäŸÜ ŸÅŸäŸÜÿß ŸÖÿßÿ™ŸÇÿßŸÑŸàÿ¥ ÿßÿØŸä ÿØŸÇŸÜŸä ŸÑŸà ŸÅŸÑÿ≠ÿ™,"[True, True, True, True, True, True, True, True, True, True, True, True]",https://youtu.be/pPzcuN3sEDU,2622094,786,669,https://www.instagram.com/p/Cc-9yTxtQdF/,43424,256,Saturday - 30 Apr 2022,07 PM,0.18000880212532427,https://instagram.fcai2-2.fna.fbcdn.net/v/t51.2885-19/277856512_285174793793909_8188644362882737619_n.jpg?stp=dst-jpg_s320x320&_nc_ht=instagram.fcai2-2.fna.fbcdn.net&_nc_cat=105&_nc_ohc=3cgeqB8oAaYAX-Bo3U4&edm=ABfd0MgBAAAA&ccb=7-5&oh=00_AT-BVUm_XlBKcto-2xEJFj6jpULjbZ0Tg1JqgURItfoVqg&oe=6291EA9D&_nc_sid=7bff83
akramhosny,Akram Hosny,‚ÄéŸÖŸäŸÜ ŸÅŸäŸÜÿß ŸÖÿßÿ™ŸÇÿßŸÑŸàÿ¥ ÿßÿØŸä ÿØŸÇŸÜŸä ŸÑŸà ŸÅŸÑÿ≠ÿ™,"[True, True, True, True, True, True, True, True, True, True, True, True]",https://youtu.be/pPzcuN3sEDU,2622094,786,669,https://www.instagram.com/p/Cc8iqe7NmKz/,22416,159,Friday - 29 Apr 2022,09 PM,0.18000880212532427,https://instagram.fcai2-2.fna.fbcdn.net/v/t51.2885-19/277856512_285174793793909_8188644362882737619_n.jpg?stp=dst-jpg_s320x320&_nc_ht=instagram.fcai2-2.fna.fbcdn.net&_nc_cat=105&_nc_ohc=3cgeqB8oAaYAX-Bo3U4&edm=ABfd0MgBAAAA&ccb=7-5&oh=00_AT-BVUm_XlBKcto-2xEJFj6jpULjbZ0Tg1JqgURItfoVqg&oe=6291EA9D&_nc_sid=7bff83
akramhosny,Akram Hosny,‚ÄéŸÖŸäŸÜ ŸÅŸäŸÜÿß ŸÖÿßÿ™ŸÇÿßŸÑŸàÿ¥ ÿßÿØŸä ÿØŸÇŸÜŸä ŸÑŸà ŸÅŸÑÿ≠ÿ™,"[True, True, True, True, True, True, True, True, True, True, True, True]",https://youtu.be/pPzcuN3sEDU,2622094,786,669,https://www.instagram.com/p/Cc8aTVlIW9N/,4653,67,Friday - 29 Apr 2022,07 PM,0.18000880212532427,https://instagram.fcai2-2.fna.fbcdn.net/v/t51.2885-19/277856512_285174793793909_8188644362882737619_n.jpg?stp=dst-jpg_s320x320&_nc_ht=instagram.fcai2-2.fna.fbcdn.net&_nc_cat=105&_nc_ohc=3cgeqB8oAaYAX-Bo3U4&edm=ABfd0MgBAAAA&ccb=7-5&oh=00_AT-BVUm_XlBKcto-2xEJFj6jpULjbZ0Tg1JqgURItfoVqg&oe=6291EA9D&_nc_sid=7bff83
